{"cameraMode":{"drawMode":0,"name":"Shaded","section":"Shading Mode"},"sceneLighting":true,"audioPlay":false,"sceneViewState":{"m_AlwaysRefresh":false,"showFog":true,"showSkybox":true,"showFlares":true,"showImageEffects":true,"showParticleSystems":true,"showVisualEffectGraphs":true,"m_FxEnabled":true},"in2DMode":false,"pivot":{"x":-13.350110054016114,"y":-62.57276153564453,"z":50.662994384765628},"rotation":{"x":0.3721522092819214,"y":0.0005843223189003766,"z":-0.00019641603284981102,"w":0.928218424320221},"size":58.54955291748047,"orthographic":false}