{"cameraMode":{"drawMode":0,"name":"Shaded","section":"Shading Mode"},"sceneLighting":true,"audioPlay":false,"sceneViewState":{"m_AlwaysRefresh":false,"showFog":true,"showSkybox":true,"showFlares":true,"showImageEffects":true,"showParticleSystems":true,"showVisualEffectGraphs":true,"m_FxEnabled":true},"in2DMode":false,"pivot":{"x":0.6334701776504517,"y":1.8009378910064698,"z":3.0255589485168459},"rotation":{"x":0.01410611905157566,"y":0.025212541222572328,"z":-0.0002993179368786514,"w":0.9996286630630493},"size":5.181954860687256,"orthographic":false}