{"cameraMode":{"drawMode":0,"name":"Shaded","section":"Shading Mode"},"sceneLighting":true,"audioPlay":false,"sceneViewState":{"m_AlwaysRefresh":false,"showFog":true,"showSkybox":true,"showFlares":true,"showImageEffects":true,"showParticleSystems":true,"showVisualEffectGraphs":true,"m_FxEnabled":true},"in2DMode":false,"pivot":{"x":280.8030090332031,"y":121.5479965209961,"z":321.7532043457031},"rotation":{"x":0.04529590532183647,"y":-0.002367044799029827,"z":0.0001254851813428104,"w":0.999024510383606},"size":366.4224853515625,"orthographic":false}